Consensus_Site	Consensus_nonstructural_protein_NS2A_DENV1_1_Site	Consensus_nonstructural_protein_NS2A_DENV2_1_Site	Consensus_nonstructural_protein_NS2A_DENV3_1_Site	Consensus_nonstructural_protein_NS2A_DENV4_1_Site
0	0	0	0	0
1	1	1	1	1
2	2	2	2	2
3	3	3	3	3
4	4	4	4	4
5	5	5	5	5
6	6	6	6	6
7	7	7	7	7
8	8	8	8	8
9	9	9	9	9
10	10	10	10	10
11	11	11	11	11
12	12	12	12	12
13	13	13	13	13
14	14	14	14	14
15	15	15	15	15
16	16	16	16	16
17	17	17	17	17
18	18	18	18	18
19	19	19	19	19
20	20	20	20	20
21	21	21	21	21
22	22	22	22	22
23	23	23	23	23
24	24	24	24	24
25	25	25	25	25
26	26	26	26	26
27	27	27	27	27
28	28	28	28	28
29	29	29	29	29
30	30	30	30	30
31	31	31	31	31
32	32	32	32	32
33	33	33	33	33
34	34	34	34	34
35	35	35	35	35
36	36	36	36	36
37	37	37	37	37
38	38	38	38	38
39	39	39	39	39
40	40	40	40	40
41	41	41	41	41
42	42	42	42	42
43	43	43	43	43
44	44	44	44	44
45	45	45	45	45
46	46	46	46	46
47	47	47	47	47
48	48	48	48	48
49	49	49	49	49
50	50	50	50	50
51	51	51	51	51
52	52	52	52	52
53	53	53	53	53
54	54	54	54	54
55	55	55	55	55
56	56	56	56	56
57	57	57	57	57
58	58	58	58	58
59	59	59	59	59
60	60	60	60	60
61	61	61	61	61
62	62	62	62	62
63	63	63	63	63
64	64	64	64	64
65	65	65	65	65
66	66	66	66	66
67	67	67	67	67
68	68	68	68	68
69	69	69	69	-
70	70	70	70	69
71	71	71	71	70
72	72	72	72	71
73	73	73	73	72
74	74	74	74	73
75	75	75	75	74
76	76	76	76	75
77	77	77	77	76
78	78	78	78	77
79	79	79	79	78
80	80	80	80	79
81	81	81	81	80
82	82	82	82	81
83	83	83	83	82
84	84	84	84	83
85	85	85	85	84
86	86	86	86	85
87	87	87	87	86
88	88	88	88	87
89	89	89	89	88
90	90	90	90	89
91	91	91	91	90
92	92	92	92	91
93	93	93	93	92
94	94	94	94	93
95	95	95	95	94
96	96	96	96	95
97	97	97	97	96
98	98	98	98	97
99	99	99	99	98
100	100	100	100	99
101	101	101	101	100
102	102	102	102	101
103	103	103	103	102
104	104	104	104	103
105	105	105	105	104
106	106	106	106	105
107	107	107	107	106
108	108	108	108	107
109	109	109	109	108
110	110	110	110	109
111	111	111	111	110
112	112	112	112	111
113	113	113	113	112
114	114	114	114	113
115	115	115	115	114
116	116	116	116	115
117	117	117	117	116
118	118	118	118	117
119	119	119	119	118
120	120	120	120	119
121	121	121	121	120
122	122	122	122	121
123	123	123	123	122
124	124	124	124	123
125	125	125	125	124
126	126	126	126	125
127	127	127	127	126
128	128	128	128	127
129	129	129	129	128
130	130	130	130	129
131	131	131	131	130
132	132	132	132	131
133	133	133	133	132
134	134	134	134	133
135	135	135	135	134
136	136	136	136	135
137	137	137	137	136
138	138	138	138	137
139	139	139	139	138
140	140	140	140	139
141	141	141	141	140
142	142	142	142	141
143	143	143	143	142
144	144	144	144	143
145	145	145	145	144
146	146	146	146	145
147	147	147	147	146
148	148	148	148	147
149	149	149	149	148
150	150	150	150	149
151	151	151	151	150
152	152	152	152	151
153	153	153	153	152
154	154	154	154	153
155	155	155	155	154
156	156	156	156	155
157	157	157	157	156
158	158	158	158	157
159	159	159	159	158
160	160	160	160	159
161	161	161	161	160
162	162	162	162	161
163	163	163	163	162
164	164	164	164	163
165	165	165	165	164
166	166	166	166	165
167	167	167	167	166
168	168	168	168	167
169	169	169	169	168
170	170	170	170	169
171	171	171	171	170
172	172	172	172	171
173	173	173	173	172
174	174	174	174	173
175	175	175	175	174
176	176	176	176	175
177	177	177	177	176
178	178	178	178	177
179	179	179	179	178
180	180	180	180	179
181	181	181	181	180
182	182	182	182	181
183	183	183	183	182
184	184	184	184	183
185	185	185	185	184
186	186	186	186	185
187	187	187	187	186
188	-	-	-	187
189	188	188	188	188
190	189	189	189	189
191	190	190	190	190
192	191	191	191	191
193	192	192	192	192
194	193	193	193	193
195	194	194	194	194
196	195	195	195	195
197	196	196	196	196
198	197	197	197	197
199	198	198	198	198
200	199	199	199	199
201	200	200	200	200
202	201	201	201	201
203	202	202	202	202
204	203	203	203	203
205	204	204	204	204
206	205	205	205	205
207	206	206	206	206
208	207	207	207	207
209	208	208	208	208
210	209	209	209	209
211	210	210	210	210
212	211	211	211	211
213	212	212	212	212
214	213	213	213	213
215	214	214	214	214
216	215	215	215	215
217	216	216	216	216
218	217	217	217	217
